use braiamMarcez;
/*GR1*/
INSERT INTO Landoj(Nombre) 
    VALUE("Argentina");
INSERT INTO Landoj(Nombre) 
    VALUE("Brasil");
INSERT INTO Landoj(Nombre) 
    VALUE("España");
INSERT INTO Landoj(Nombre) 
    VALUE("EEUU");
/*GR2*/
INSERT INTO Kamusoj(Lando, Nombre) 
    VALUE(1, "Buenos Aires");
INSERT INTO Kamusoj(Lando, Nombre) 
    VALUE(2, "Rio de Janeiro");
INSERT INTO Kamusoj(Lando, Nombre) 
    VALUE(3, "Madrid");
INSERT INTO Kamusoj(Lando, Nombre) 
    VALUE(4, "DC");


INSERT INTO Ekipannoj(Lando, Nombre) 
    VALUE(1, "Argentina");
INSERT INTO Ekipannoj(Lando, Nombre) 
    VALUE(2, "Brasil");
INSERT INTO Ekipannoj(Lando, Nombre) 
    VALUE(3, "España");
INSERT INTO Ekipannoj(Lando, Nombre) 
    VALUE(4, "EEUU");


INSERT INTO Homoj(Lando, Nombre, Nacimiento) 
    VALUE(1, "arg1", "1997-07-7");
INSERT INTO Homoj(Lando, Nombre, Nacimiento) 
    VALUE(1, "arg2", "1997-07-7");
INSERT INTO Homoj(Lando, Nombre, Nacimiento) 
    VALUE(1, "arg3", "1997-07-7");
INSERT INTO Homoj(Lando, Nombre, Nacimiento) 
    VALUE(1, "arg4", "1997-07-7");
INSERT INTO Homoj(Lando, Nombre, Nacimiento) 
    VALUE(1, "arg5", "1997-07-7");
INSERT INTO Homoj(Lando, Nombre, Nacimiento) 
    VALUE(1, "arg6", "1997-07-7");
INSERT INTO Homoj(Lando, Nombre, Nacimiento) 
    VALUE(1, "arg7", "1997-07-7");
INSERT INTO Homoj(Lando, Nombre, Nacimiento) 
    VALUE(1, "arg8", "1997-07-7");
INSERT INTO Homoj(Lando, Nombre, Nacimiento) 
    VALUE(1, "arg9", "1997-07-7");
INSERT INTO Homoj(Lando, Nombre, Nacimiento) 
    VALUE(1, "arg10", "1997-07-7");
INSERT INTO Homoj(Lando, Nombre, Nacimiento) 
    VALUE(1, "arg11", "1997-07-7");
INSERT INTO Homoj(Lando, Nombre, Nacimiento) 
    VALUE(1, "arg12", "1997-07-7");
INSERT INTO Homoj(Lando, Nombre, Nacimiento) 
    VALUE(1, "arg13", "1997-07-7");
INSERT INTO Homoj(Lando, Nombre, Nacimiento) 
    VALUE(1, "arg14", "1997-07-7");
INSERT INTO Homoj(Lando, Nombre, Nacimiento) 
    VALUE(1, "arg15", "1997-07-7");
INSERT INTO Homoj(Lando, Nombre, Nacimiento) 
    VALUE(1, "arg16", "1997-07-7");
INSERT INTO Homoj(Lando, Nombre, Nacimiento) 
    VALUE(1, "arg17", "1997-07-7");
INSERT INTO Homoj(Lando, Nombre, Nacimiento) 
    VALUE(1, "arg18", "1997-07-7");
INSERT INTO Homoj(Lando, Nombre, Nacimiento) 
    VALUE(1, "arg19", "1997-07-7");
INSERT INTO Homoj(Lando, Nombre, Nacimiento) 
    VALUE(1, "arg20", "1997-07-7");
INSERT INTO Homoj(Lando, Nombre, Nacimiento) 
    VALUE(1, "arg21", "1997-07-7");
INSERT INTO Homoj(Lando, Nombre, Nacimiento) 
    VALUE(1, "arg22", "1997-07-7");
INSERT INTO Homoj(Lando, Nombre, Nacimiento) 
    VALUE(1, "arg23_Dir", "1997-07-7");
INSERT INTO Homoj(Lando, Nombre, Nacimiento) 
    VALUE(1, "arg24_JwU", "1997-07-7");
INSERT INTO Homoj(Lando, Nombre, Nacimiento) 
    VALUE(1, "arg25_JwD", "1997-07-7");
INSERT INTO Homoj(Lando, Nombre, Nacimiento) 
    VALUE(1, "arg26_JwC", "1997-07-7");
INSERT INTO Homoj(Lando, Nombre, Nacimiento) 
    VALUE(1, "arg27_JwA", "1997-07-7");

INSERT INTO Homoj(Lando, Nombre, Nacimiento) 
    VALUE(2, "brs1", "1997-07-17");
INSERT INTO Homoj(Lando, Nombre, Nacimiento) 
    VALUE(2, "brs2", "1997-07-17");
INSERT INTO Homoj(Lando, Nombre, Nacimiento) 
    VALUE(2, "brs3", "1997-07-17");
INSERT INTO Homoj(Lando, Nombre, Nacimiento) 
    VALUE(2, "brs4", "1997-07-17");
INSERT INTO Homoj(Lando, Nombre, Nacimiento) 
    VALUE(2, "brs5", "1997-07-17");
INSERT INTO Homoj(Lando, Nombre, Nacimiento) 
    VALUE(2, "brs6", "1997-07-17");
INSERT INTO Homoj(Lando, Nombre, Nacimiento) 
    VALUE(2, "brs7", "1997-07-17");
INSERT INTO Homoj(Lando, Nombre, Nacimiento) 
    VALUE(2, "brs8", "1997-07-17");
INSERT INTO Homoj(Lando, Nombre, Nacimiento) 
    VALUE(2, "brs9", "1997-07-17");
INSERT INTO Homoj(Lando, Nombre, Nacimiento) 
    VALUE(2, "brs10", "1997-07-17");
INSERT INTO Homoj(Lando, Nombre, Nacimiento) 
    VALUE(2, "brs11", "1997-07-17");
INSERT INTO Homoj(Lando, Nombre, Nacimiento) 
    VALUE(2, "brs12", "1997-07-17");
INSERT INTO Homoj(Lando, Nombre, Nacimiento) 
    VALUE(2, "brs13", "1997-07-17");
INSERT INTO Homoj(Lando, Nombre, Nacimiento) 
    VALUE(2, "brs14", "1997-07-17");
INSERT INTO Homoj(Lando, Nombre, Nacimiento) 
    VALUE(2, "brs15", "1997-07-17");
INSERT INTO Homoj(Lando, Nombre, Nacimiento) 
    VALUE(2, "brs16", "1997-07-17");
INSERT INTO Homoj(Lando, Nombre, Nacimiento) 
    VALUE(2, "brs17", "1997-07-17");
INSERT INTO Homoj(Lando, Nombre, Nacimiento) 
    VALUE(2, "brs18", "1997-07-17");
INSERT INTO Homoj(Lando, Nombre, Nacimiento) 
    VALUE(2, "brs19", "1997-07-17");
INSERT INTO Homoj(Lando, Nombre, Nacimiento) 
    VALUE(2, "brs20", "1997-07-17");
INSERT INTO Homoj(Lando, Nombre, Nacimiento) 
    VALUE(2, "brs21", "1997-07-17");
INSERT INTO Homoj(Lando, Nombre, Nacimiento) 
    VALUE(2, "brs22", "1997-07-17");
INSERT INTO Homoj(Lando, Nombre, Nacimiento) 
    VALUE(2, "brs23_Dir", "1997-07-17");
INSERT INTO Homoj(Lando, Nombre, Nacimiento) 
    VALUE(2, "brs24_JwU", "1997-07-17");
INSERT INTO Homoj(Lando, Nombre, Nacimiento) 
    VALUE(2, "brs25_JwD", "1997-07-17");
INSERT INTO Homoj(Lando, Nombre, Nacimiento) 
    VALUE(2, "brs26_JwC", "1997-07-17");
INSERT INTO Homoj(Lando, Nombre, Nacimiento) 
    VALUE(2, "brs27_JwA", "1997-07-17");

INSERT INTO Homoj(Lando, Nombre, Nacimiento) 
    VALUE(3, "esp1", "1997-07-27");
INSERT INTO Homoj(Lando, Nombre, Nacimiento) 
    VALUE(3, "esp2", "1997-07-27");
INSERT INTO Homoj(Lando, Nombre, Nacimiento) 
    VALUE(3, "esp3", "1997-07-27");
INSERT INTO Homoj(Lando, Nombre, Nacimiento) 
    VALUE(3, "esp4", "1997-07-27");
INSERT INTO Homoj(Lando, Nombre, Nacimiento) 
    VALUE(3, "esp5", "1997-07-27");
INSERT INTO Homoj(Lando, Nombre, Nacimiento) 
    VALUE(3, "esp6", "1997-07-27");
INSERT INTO Homoj(Lando, Nombre, Nacimiento) 
    VALUE(3, "esp7", "1997-07-27");
INSERT INTO Homoj(Lando, Nombre, Nacimiento) 
    VALUE(3, "esp8", "1997-07-27");
INSERT INTO Homoj(Lando, Nombre, Nacimiento) 
    VALUE(3, "esp9", "1997-07-27");
INSERT INTO Homoj(Lando, Nombre, Nacimiento) 
    VALUE(3, "esp10", "1997-07-27");
INSERT INTO Homoj(Lando, Nombre, Nacimiento) 
    VALUE(3, "esp11", "1997-07-27");
INSERT INTO Homoj(Lando, Nombre, Nacimiento) 
    VALUE(3, "esp12", "1997-07-27");
INSERT INTO Homoj(Lando, Nombre, Nacimiento) 
    VALUE(3, "esp13", "1997-07-27");
INSERT INTO Homoj(Lando, Nombre, Nacimiento) 
    VALUE(3, "esp14", "1997-07-27");
INSERT INTO Homoj(Lando, Nombre, Nacimiento) 
    VALUE(3, "esp15", "1997-07-27");
INSERT INTO Homoj(Lando, Nombre, Nacimiento) 
    VALUE(3, "esp16", "1997-07-27");
INSERT INTO Homoj(Lando, Nombre, Nacimiento) 
    VALUE(3, "esp17", "1997-07-27");
INSERT INTO Homoj(Lando, Nombre, Nacimiento) 
    VALUE(3, "esp18", "1997-07-27");
INSERT INTO Homoj(Lando, Nombre, Nacimiento) 
    VALUE(3, "esp19", "1997-07-27");
INSERT INTO Homoj(Lando, Nombre, Nacimiento) 
    VALUE(3, "esp20", "1997-07-27");
INSERT INTO Homoj(Lando, Nombre, Nacimiento) 
    VALUE(3, "esp21", "1997-07-27");
INSERT INTO Homoj(Lando, Nombre, Nacimiento) 
    VALUE(3, "esp22", "1997-07-27");
INSERT INTO Homoj(Lando, Nombre, Nacimiento) 
    VALUE(3, "esp23_Dir", "1997-07-27");
INSERT INTO Homoj(Lando, Nombre, Nacimiento) 
    VALUE(3, "esp24_JwU", "1997-07-27");
INSERT INTO Homoj(Lando, Nombre, Nacimiento) 
    VALUE(3, "esp25_JwD", "1997-07-27");
INSERT INTO Homoj(Lando, Nombre, Nacimiento) 
    VALUE(3, "esp26_JwC", "1997-07-27");
INSERT INTO Homoj(Lando, Nombre, Nacimiento) 
    VALUE(3, "esp27_JwA", "1997-07-27");

INSERT INTO Homoj(Lando, Nombre, Nacimiento) 
    VALUE(4, "EEUU1", "1997-08-7");
INSERT INTO Homoj(Lando, Nombre, Nacimiento) 
    VALUE(4, "EEUU2", "1997-08-7");
INSERT INTO Homoj(Lando, Nombre, Nacimiento) 
    VALUE(4, "EEUU3", "1997-08-7");
INSERT INTO Homoj(Lando, Nombre, Nacimiento) 
    VALUE(4, "EEUU4", "1997-08-7");
INSERT INTO Homoj(Lando, Nombre, Nacimiento) 
    VALUE(4, "EEUU5", "1997-08-7");
INSERT INTO Homoj(Lando, Nombre, Nacimiento) 
    VALUE(4, "EEUU6", "1997-08-7");
INSERT INTO Homoj(Lando, Nombre, Nacimiento) 
    VALUE(4, "EEUU7", "1997-08-7");
INSERT INTO Homoj(Lando, Nombre, Nacimiento) 
    VALUE(4, "EEUU8", "1997-08-7");
INSERT INTO Homoj(Lando, Nombre, Nacimiento) 
    VALUE(4, "EEUU9", "1997-08-7");
INSERT INTO Homoj(Lando, Nombre, Nacimiento) 
    VALUE(4, "EEUU10", "1997-08-7");
INSERT INTO Homoj(Lando, Nombre, Nacimiento) 
    VALUE(4, "EEUU11", "1997-08-7");
INSERT INTO Homoj(Lando, Nombre, Nacimiento) 
    VALUE(4, "EEUU12", "1997-08-7");
INSERT INTO Homoj(Lando, Nombre, Nacimiento) 
    VALUE(4, "EEUU13", "1997-08-7");
INSERT INTO Homoj(Lando, Nombre, Nacimiento) 
    VALUE(4, "EEUU14", "1997-08-7");
INSERT INTO Homoj(Lando, Nombre, Nacimiento) 
    VALUE(4, "EEUU15", "1997-08-7");
INSERT INTO Homoj(Lando, Nombre, Nacimiento) 
    VALUE(4, "EEUU16", "1997-08-7");
INSERT INTO Homoj(Lando, Nombre, Nacimiento) 
    VALUE(4, "EEUU17", "1997-08-7");
INSERT INTO Homoj(Lando, Nombre, Nacimiento) 
    VALUE(4, "EEUU18", "1997-08-7");
INSERT INTO Homoj(Lando, Nombre, Nacimiento) 
    VALUE(4, "EEUU19", "1997-08-7");
INSERT INTO Homoj(Lando, Nombre, Nacimiento) 
    VALUE(4, "EEUU20", "1997-08-7");
INSERT INTO Homoj(Lando, Nombre, Nacimiento) 
    VALUE(4, "EEUU21", "1997-08-7");
INSERT INTO Homoj(Lando, Nombre, Nacimiento) 
    VALUE(4, "EEUU22", "1997-08-7");
INSERT INTO Homoj(Lando, Nombre, Nacimiento) 
    VALUE(4, "EEUU23_Dir", "1997-08-7");
INSERT INTO Homoj(Lando, Nombre, Nacimiento) 
    VALUE(4, "EEUU24_JwU", "1997-08-7");
INSERT INTO Homoj(Lando, Nombre, Nacimiento) 
    VALUE(4, "EEUU25_JwD", "1997-08-7");
INSERT INTO Homoj(Lando, Nombre, Nacimiento) 
    VALUE(4, "EEUU26_JwC", "1997-08-7");
INSERT INTO Homoj(Lando, Nombre, Nacimiento) 
    VALUE(4, "EEUU27_JwA", "1997-08-7");

/*GR3*/
INSERT INTO Stadionoj(Kamuso, Nombre) 
    VALUE(1, "Central del Narizon");
INSERT INTO Stadionoj(Kamuso, Nombre) 
    VALUE(2, "DulMakako");
INSERT INTO Stadionoj(Kamuso, Nombre) 
    VALUE(3, "La capa roa");
INSERT INTO Stadionoj(Kamuso, Nombre) 
    VALUE(4, "EscuelaFPS");

INSERT INTO Juwistoj(Homo) 
    VALUE(24);
INSERT INTO Juwistoj(Homo) 
    VALUE(25);
INSERT INTO Juwistoj(Homo) 
    VALUE(26);
INSERT INTO Juwistoj(Homo) 
    VALUE(27);
INSERT INTO Juwistoj(Homo) 
    VALUE(51);
INSERT INTO Juwistoj(Homo) 
    VALUE(52);
INSERT INTO Juwistoj(Homo) 
    VALUE(53);
INSERT INTO Juwistoj(Homo) 
    VALUE(54);
INSERT INTO Juwistoj(Homo) 
    VALUE(78);
INSERT INTO Juwistoj(Homo) 
    VALUE(79);
INSERT INTO Juwistoj(Homo) 
    VALUE(80);
INSERT INTO Juwistoj(Homo) 
    VALUE(81);
INSERT INTO Juwistoj(Homo) 
    VALUE(105);
INSERT INTO Juwistoj(Homo) 
    VALUE(106);
INSERT INTO Juwistoj(Homo) 
    VALUE(107);
INSERT INTO Juwistoj(Homo) 
    VALUE(108);



INSERT INTO Teknikadirektoroj(Homo, Ekipanno) 
    VALUE(23, 1);
INSERT INTO Teknikadirektoroj(Homo, Ekipanno) 
    VALUE(50, 2);
INSERT INTO Teknikadirektoroj(Homo, Ekipanno) 
    VALUE(77, 3);
INSERT INTO Teknikadirektoroj(Homo, Ekipanno) 
    VALUE(104, 4);

INSERT INTO Ludantoj(Homo, Ekipanno) 
    VALUE(1,1);
INSERT INTO Ludantoj(Homo, Ekipanno) 
    VALUE(2,1);
INSERT INTO Ludantoj(Homo, Ekipanno) 
    VALUE(3,1);
INSERT INTO Ludantoj(Homo, Ekipanno) 
    VALUE(4,1);
INSERT INTO Ludantoj(Homo, Ekipanno) 
    VALUE(5,1);
INSERT INTO Ludantoj(Homo, Ekipanno) 
    VALUE(6,1);
INSERT INTO Ludantoj(Homo, Ekipanno) 
    VALUE(7,1);
INSERT INTO Ludantoj(Homo, Ekipanno) 
    VALUE(8,1);
INSERT INTO Ludantoj(Homo, Ekipanno) 
    VALUE(9,1);
INSERT INTO Ludantoj(Homo, Ekipanno) 
    VALUE(10,1);
INSERT INTO Ludantoj(Homo, Ekipanno) 
    VALUE(11,1);
INSERT INTO Ludantoj(Homo, Ekipanno) 
    VALUE(12,1);
INSERT INTO Ludantoj(Homo, Ekipanno) 
    VALUE(13,1);
INSERT INTO Ludantoj(Homo, Ekipanno) 
    VALUE(14,1);
INSERT INTO Ludantoj(Homo, Ekipanno) 
    VALUE(15,1);
INSERT INTO Ludantoj(Homo, Ekipanno) 
    VALUE(16,1);
INSERT INTO Ludantoj(Homo, Ekipanno) 
    VALUE(17,1);
INSERT INTO Ludantoj(Homo, Ekipanno) 
    VALUE(18,1);
INSERT INTO Ludantoj(Homo, Ekipanno) 
    VALUE(19,1);
INSERT INTO Ludantoj(Homo, Ekipanno) 
    VALUE(20,1);
INSERT INTO Ludantoj(Homo, Ekipanno) 
    VALUE(21,1);
INSERT INTO Ludantoj(Homo, Ekipanno) 
    VALUE(22,1);

INSERT INTO Ludantoj(Homo, Ekipanno) 
    VALUE(28,2);
INSERT INTO Ludantoj(Homo, Ekipanno) 
    VALUE(29,2);
INSERT INTO Ludantoj(Homo, Ekipanno) 
    VALUE(30,2);
INSERT INTO Ludantoj(Homo, Ekipanno) 
    VALUE(31,2);
INSERT INTO Ludantoj(Homo, Ekipanno) 
    VALUE(32,2);
INSERT INTO Ludantoj(Homo, Ekipanno) 
    VALUE(33,2);
INSERT INTO Ludantoj(Homo, Ekipanno) 
    VALUE(34,2);
INSERT INTO Ludantoj(Homo, Ekipanno) 
    VALUE(35,2);
INSERT INTO Ludantoj(Homo, Ekipanno) 
    VALUE(36,2);
INSERT INTO Ludantoj(Homo, Ekipanno) 
    VALUE(37,2);
INSERT INTO Ludantoj(Homo, Ekipanno) 
    VALUE(38,2);
INSERT INTO Ludantoj(Homo, Ekipanno) 
    VALUE(39,2);
INSERT INTO Ludantoj(Homo, Ekipanno) 
    VALUE(40,2);
INSERT INTO Ludantoj(Homo, Ekipanno) 
    VALUE(41,2);
INSERT INTO Ludantoj(Homo, Ekipanno) 
    VALUE(42,2);
INSERT INTO Ludantoj(Homo, Ekipanno) 
    VALUE(43,2);
INSERT INTO Ludantoj(Homo, Ekipanno) 
    VALUE(44,2);
INSERT INTO Ludantoj(Homo, Ekipanno) 
    VALUE(45,2);
INSERT INTO Ludantoj(Homo, Ekipanno) 
    VALUE(46,2);
INSERT INTO Ludantoj(Homo, Ekipanno) 
    VALUE(47,2);
INSERT INTO Ludantoj(Homo, Ekipanno) 
    VALUE(48,2);
INSERT INTO Ludantoj(Homo, Ekipanno) 
    VALUE(49,2);

INSERT INTO Ludantoj(Homo, Ekipanno) 
    VALUE(55,3);
INSERT INTO Ludantoj(Homo, Ekipanno) 
    VALUE(56,3);
INSERT INTO Ludantoj(Homo, Ekipanno) 
    VALUE(57,3);
INSERT INTO Ludantoj(Homo, Ekipanno) 
    VALUE(58,3);
INSERT INTO Ludantoj(Homo, Ekipanno) 
    VALUE(59,3);
INSERT INTO Ludantoj(Homo, Ekipanno) 
    VALUE(60,3);
INSERT INTO Ludantoj(Homo, Ekipanno) 
    VALUE(61,3);
INSERT INTO Ludantoj(Homo, Ekipanno) 
    VALUE(62,3);
INSERT INTO Ludantoj(Homo, Ekipanno) 
    VALUE(63,3);
INSERT INTO Ludantoj(Homo, Ekipanno) 
    VALUE(64,3);
INSERT INTO Ludantoj(Homo, Ekipanno) 
    VALUE(65,3);
INSERT INTO Ludantoj(Homo, Ekipanno) 
    VALUE(66,3);
INSERT INTO Ludantoj(Homo, Ekipanno) 
    VALUE(67,3);
INSERT INTO Ludantoj(Homo, Ekipanno) 
    VALUE(68,3);
INSERT INTO Ludantoj(Homo, Ekipanno) 
    VALUE(69,3);
INSERT INTO Ludantoj(Homo, Ekipanno) 
    VALUE(70,3);
INSERT INTO Ludantoj(Homo, Ekipanno) 
    VALUE(71,3);
INSERT INTO Ludantoj(Homo, Ekipanno) 
    VALUE(72,3);
INSERT INTO Ludantoj(Homo, Ekipanno) 
    VALUE(73,3);
INSERT INTO Ludantoj(Homo, Ekipanno) 
    VALUE(74,3);
INSERT INTO Ludantoj(Homo, Ekipanno) 
    VALUE(75,3);
INSERT INTO Ludantoj(Homo, Ekipanno) 
    VALUE(76,3);

INSERT INTO Ludantoj(Homo, Ekipanno) 
    VALUE(82,4);
INSERT INTO Ludantoj(Homo, Ekipanno) 
    VALUE(83,4);
INSERT INTO Ludantoj(Homo, Ekipanno) 
    VALUE(84,4);
INSERT INTO Ludantoj(Homo, Ekipanno) 
    VALUE(85,4);
INSERT INTO Ludantoj(Homo, Ekipanno) 
    VALUE(86,4);
INSERT INTO Ludantoj(Homo, Ekipanno) 
    VALUE(87,4);
INSERT INTO Ludantoj(Homo, Ekipanno) 
    VALUE(88,4);
INSERT INTO Ludantoj(Homo, Ekipanno) 
    VALUE(89,4);
INSERT INTO Ludantoj(Homo, Ekipanno) 
    VALUE(90,4);
INSERT INTO Ludantoj(Homo, Ekipanno) 
    VALUE(91,4);
INSERT INTO Ludantoj(Homo, Ekipanno) 
    VALUE(92,4);
INSERT INTO Ludantoj(Homo, Ekipanno) 
    VALUE(93,4);
INSERT INTO Ludantoj(Homo, Ekipanno) 
    VALUE(94,4);
INSERT INTO Ludantoj(Homo, Ekipanno) 
    VALUE(95,4);
INSERT INTO Ludantoj(Homo, Ekipanno) 
    VALUE(96,4);
INSERT INTO Ludantoj(Homo, Ekipanno) 
    VALUE(97,4);
INSERT INTO Ludantoj(Homo, Ekipanno) 
    VALUE(98,4);
INSERT INTO Ludantoj(Homo, Ekipanno) 
    VALUE(99,4);
INSERT INTO Ludantoj(Homo, Ekipanno) 
    VALUE(100,4);
INSERT INTO Ludantoj(Homo, Ekipanno) 
    VALUE(101,4);
INSERT INTO Ludantoj(Homo, Ekipanno) 
    VALUE(102,4);
INSERT INTO Ludantoj(Homo, Ekipanno) 
    VALUE(103,4);


/*GR4*/
INSERT INTO Matxoj(
    Gastiganto, Vizitanto, Fecha, Hora,

    FlavaGastiganto, RuwaGastiganto,
    CeloGastiganto, PilkoPosedoGastiganto,
    
    FlavaVizitanto, RuwaVizitanto,
    CeloVizitanto, PilkoPosedoVizitanto) 
    VALUE(1,2, '2023-11-23', '10:00:00', '1:00:00'
    );
INSERT INTO Matxoj(
    Gastiganto, Vizitanto, Fecha, Hora,

    FlavaGastiganto, RuwaGastiganto,
    CeloGastiganto, PilkoPosedoGastiganto,
    
    FlavaVizitanto, RuwaVizitanto,
    CeloVizitanto, PilkoPosedoVizitanto) 
    VALUE();
/*GR5*/
INSERT INTO R_JuwistojListoj(UnuaLinio, DuaLinio, Cetro, Asistanto) 
    VALUE();
INSERT INTO R_Bonakedoj(Matxo, Ludanto, Rol, Titular) 
    VALUE();
/*GR6*/
INSERT INTO R_Arbitraci(
    Matxo, 
    JuwistojListoUnua, JuwistojListoDua,
    JuwistojListoCentro, JuwistojListoAsistanto)
    VALUE();
